index,id,language,setCode,translation
0,1,Chinese Simplified,4ED,
1,2,Chinese Traditional,4ED,
2,3,French,4ED,Quatrième édition
3,4,German,4ED,
4,5,Italian,4ED,
5,6,Japanese,4ED,
6,7,Korean,4ED,
7,8,Portuguese (Brazil),4ED,
8,9,Russian,4ED,
9,10,Spanish,4ED,
10,11,Chinese Simplified,5ED,
11,12,Chinese Traditional,5ED,
12,13,French,5ED,Cinquième édition
13,14,German,5ED,
14,15,Italian,5ED,
15,16,Japanese,5ED,
16,17,Korean,5ED,
17,18,Portuguese (Brazil),5ED,
18,19,Russian,5ED,
19,20,Spanish,5ED,
20,21,Chinese Simplified,6ED,
21,22,Chinese Traditional,6ED,
22,23,French,6ED,Sixième édition
23,24,German,6ED,
24,25,Italian,6ED,
25,26,Japanese,6ED,
26,27,Korean,6ED,
27,28,Portuguese (Brazil),6ED,
28,29,Russian,6ED,
29,30,Spanish,6ED,
30,31,Chinese Simplified,7ED,
31,32,Chinese Traditional,7ED,
32,33,French,7ED,Septième édition
33,34,German,7ED,
34,35,Italian,7ED,
35,36,Japanese,7ED,
36,37,Korean,7ED,
37,38,Portuguese (Brazil),7ED,
38,39,Russian,7ED,
39,40,Spanish,7ED,
40,41,Chinese Simplified,BOK,
41,42,Chinese Traditional,BOK,
42,43,French,BOK,Traîtres de Kamigawa
43,44,German,BOK,
44,45,Italian,BOK,
45,46,Japanese,BOK,
46,47,Korean,BOK,
47,48,Portuguese (Brazil),BOK,
48,49,Russian,BOK,
49,50,Spanish,BOK,
50,51,Chinese Simplified,CHK,
51,52,Chinese Traditional,CHK,
52,53,French,CHK,Guerriers de Kamigawa
53,54,German,CHK,
54,55,Italian,CHK,
55,56,Japanese,CHK,
56,57,Korean,CHK,
57,58,Portuguese (Brazil),CHK,
58,59,Russian,CHK,
59,60,Spanish,CHK,
60,61,Chinese Simplified,DOM,
61,62,Chinese Traditional,DOM,
62,63,French,DOM,Dominaria
63,64,German,DOM,
64,65,Italian,DOM,
65,66,Japanese,DOM,
66,67,Korean,DOM,
67,68,Portuguese (Brazil),DOM,
68,69,Russian,DOM,
69,70,Spanish,DOM,
70,71,Chinese Simplified,ELD,
71,72,Chinese Traditional,ELD,
72,73,French,ELD,Le Trône d'Eldraine
73,74,German,ELD,
74,75,Italian,ELD,
75,76,Japanese,ELD,
76,77,Korean,ELD,
77,78,Portuguese (Brazil),ELD,
78,79,Russian,ELD,
79,80,Spanish,ELD,
80,81,Chinese Simplified,EXO,
81,82,Chinese Traditional,EXO,
82,83,French,EXO,Exode
83,84,German,EXO,
84,85,Italian,EXO,
85,86,Japanese,EXO,
86,87,Korean,EXO,
87,88,Portuguese (Brazil),EXO,
88,89,Russian,EXO,
89,90,Spanish,EXO,
90,91,Chinese Simplified,HML,
91,92,Chinese Traditional,HML,
92,93,French,HML,Terres natales
93,94,German,HML,
94,95,Italian,HML,
95,96,Japanese,HML,
96,97,Korean,HML,
97,98,Portuguese (Brazil),HML,
98,99,Russian,HML,
99,100,Spanish,HML,
100,101,Chinese Simplified,ICE,
101,102,Chinese Traditional,ICE,
102,103,French,ICE,Ère glaciaire
103,104,German,ICE,
104,105,Italian,ICE,
105,106,Japanese,ICE,
106,107,Korean,ICE,
107,108,Portuguese (Brazil),ICE,
108,109,Russian,ICE,
109,110,Spanish,ICE,
110,111,Chinese Simplified,IKO,
111,112,Chinese Traditional,IKO,
112,113,French,IKO,Ikoria la Terre de Béhémoths
113,114,German,IKO,
114,115,Italian,IKO,
115,116,Japanese,IKO,
116,117,Korean,IKO,
117,118,Portuguese (Brazil),IKO,
118,119,Russian,IKO,
119,120,Spanish,IKO,
120,121,Chinese Simplified,M20,
121,122,Chinese Traditional,M20,
122,123,French,M20,Edition de base 2020
123,124,German,M20,
124,125,Italian,M20,
125,126,Japanese,M20,
126,127,Korean,M20,
127,128,Portuguese (Brazil),M20,
128,129,Russian,M20,
129,130,Spanish,M20,
130,131,Chinese Simplified,M21,
131,132,Chinese Traditional,M21,
132,133,French,M21,Edition de base 2021
133,134,German,M21,
134,135,Italian,M21,
135,136,Japanese,M21,
136,137,Korean,M21,
137,138,Portuguese (Brazil),M21,
138,139,Russian,M21,
139,140,Spanish,M21,
140,141,Chinese Simplified,MMQ,
141,142,Chinese Traditional,MMQ,
142,143,French,MMQ,Masques de Mercadia
143,144,German,MMQ,
144,145,Italian,MMQ,
145,146,Japanese,MMQ,
146,147,Korean,MMQ,
147,148,Portuguese (Brazil),MMQ,
148,149,Russian,MMQ,
149,150,Spanish,MMQ,
150,151,Chinese Simplified,PCY,
151,152,Chinese Traditional,PCY,
152,153,French,PCY,Prophétie
153,154,German,PCY,
154,155,Italian,PCY,
155,156,Japanese,PCY,
156,157,Korean,PCY,
157,158,Portuguese (Brazil),PCY,
158,159,Russian,PCY,
159,160,Spanish,PCY,
160,161,Chinese Simplified,RIX,
161,162,Chinese Traditional,RIX,
162,163,French,RIX,Les combattants d'Ixalan
163,164,German,RIX,
164,165,Italian,RIX,
165,166,Japanese,RIX,
166,167,Korean,RIX,
167,168,Portuguese (Brazil),RIX,
168,169,Russian,RIX,
169,170,Spanish,RIX,
170,171,Chinese Simplified,RNA,
171,172,Chinese Traditional,RNA,
172,173,French,RNA,L'allégeance de Ravnica
173,174,German,RNA,
174,175,Italian,RNA,
175,176,Japanese,RNA,
176,177,Korean,RNA,
177,178,Portuguese (Brazil),RNA,
178,179,Russian,RNA,
179,180,Spanish,RNA,
180,181,Chinese Simplified,SOK,
181,182,Chinese Traditional,SOK,
182,183,French,SOK,Libérateurs de Kamigawa
183,184,German,SOK,
184,185,Italian,SOK,
185,186,Japanese,SOK,
186,187,Korean,SOK,
187,188,Portuguese (Brazil),SOK,
188,189,Russian,SOK,
189,190,Spanish,SOK,
190,191,Chinese Simplified,STH,
191,192,Chinese Traditional,STH,
192,193,French,STH,Forteresse
193,194,German,STH,
194,195,Italian,STH,
195,196,Japanese,STH,
196,197,Korean,STH,
197,198,Portuguese (Brazil),STH,
198,199,Russian,STH,
199,200,Spanish,STH,
200,201,Chinese Simplified,THB,
201,202,Chinese Traditional,THB,
202,203,French,THB,Theros par-delà la mort
203,204,German,THB,
204,205,Italian,THB,
205,206,Japanese,THB,
206,207,Korean,THB,
207,208,Portuguese (Brazil),THB,
208,209,Russian,THB,
209,210,Spanish,THB,
210,211,Chinese Simplified,TMP,
211,212,Chinese Traditional,TMP,
212,213,French,TMP,Tempête
213,214,German,TMP,
214,215,Italian,TMP,
215,216,Japanese,TMP,
216,217,Korean,TMP,
217,218,Portuguese (Brazil),TMP,
218,219,Russian,TMP,
219,220,Spanish,TMP,
220,221,Chinese Simplified,UDS,
221,222,Chinese Traditional,UDS,
222,223,French,UDS,La destinée d'Urza
223,224,German,UDS,
224,225,Italian,UDS,
225,226,Japanese,UDS,
226,227,Korean,UDS,
227,228,Portuguese (Brazil),UDS,
228,229,Russian,UDS,
229,230,Spanish,UDS,
230,231,Chinese Simplified,ULG,
231,232,Chinese Traditional,ULG,
232,233,French,ULG,L'héritage d'Urza
233,234,German,ULG,
234,235,Italian,ULG,
235,236,Japanese,ULG,
236,237,Korean,ULG,
237,238,Portuguese (Brazil),ULG,
238,239,Russian,ULG,
239,240,Spanish,ULG,
240,241,Chinese Simplified,USG,
241,242,Chinese Traditional,USG,
242,243,French,USG,L'épopée d'Urza
243,244,German,USG,
244,245,Italian,USG,
245,246,Japanese,USG,
246,247,Korean,USG,
247,248,Portuguese (Brazil),USG,
248,249,Russian,USG,
249,250,Spanish,USG,
250,251,Chinese Simplified,WAR,
251,252,Chinese Traditional,WAR,
252,253,French,WAR,La Guerre des Planeswlakers
253,254,German,WAR,
254,255,Italian,WAR,
255,256,Japanese,WAR,
256,257,Korean,WAR,
257,258,Portuguese (Brazil),WAR,
258,259,Russian,WAR,
259,260,Spanish,WAR,
260,261,Chinese Simplified,WTH,
261,262,Chinese Traditional,WTH,
262,263,French,WTH,Aquilon
263,264,German,WTH,
264,265,Italian,WTH,
265,266,Japanese,WTH,
266,267,Korean,WTH,
267,268,Portuguese (Brazil),WTH,
268,269,Russian,WTH,
269,270,Spanish,WTH,
