EVENT,META,WEEK,DATE,RESULT,POINTS,PLAYED,WINS,LOSSES,PLAYER,URL,ARCHETYPE,COLOR,COMPANION
ManaTraders Series Modern December 2020,PostZendikarRising,16,2021-01-03,1st,24,9,8,1,Phill_Hellmuth,,WURG Control,WURG,
ManaTraders Series Modern December 2020,PostZendikarRising,16,2021-01-03,2nd,24,9,8,1,HannoLee,,KGC Tron,G,
ManaTraders Series Modern December 2020,PostZendikarRising,16,2021-01-03,3rd,24,9,8,1,_IlNano_,,Shadow Prowess,BR,Lurrus
ManaTraders Series Modern December 2020,PostZendikarRising,16,2021-01-03,4th,24,9,8,1,Gerardo94,,WURG Control,WURG,
ManaTraders Series Modern December 2020,PostZendikarRising,16,2021-01-03,5th,24,9,8,1,coert,,Heliod Combo,WG,
ManaTraders Series Modern December 2020,PostZendikarRising,16,2021-01-03,6th,24,9,8,1,VilaCelta,,Ad Nauseam,WUB,
ManaTraders Series Modern December 2020,PostZendikarRising,16,2021-01-03,7th,21,9,7,2,GobFTW,,Temur Control,URG,
ManaTraders Series Modern December 2020,PostZendikarRising,16,2021-01-03,8th,21,9,7,2,Harry13,,Sultai Control,UBG,
ManaTraders Series Modern December 2020,PostZendikarRising,16,2021-01-03,9th,21,9,7,2,Lord_of_puntlantis,,Izzet Restore Balance,UR,
ManaTraders Series Modern December 2020,PostZendikarRising,16,2021-01-03,10th,21,9,7,2,Theo_Jung,,Heliod Combo,WG,
ManaTraders Series Modern December 2020,PostZendikarRising,16,2021-01-03,11th,21,9,7,2,LLegend,,Izzet Restore Balance,UR,
ManaTraders Series Modern December 2020,PostZendikarRising,16,2021-01-03,12th,21,9,7,2,mlgb92,,Bant Midrange,WUG,
ManaTraders Series Modern December 2020,PostZendikarRising,16,2021-01-03,13th,21,9,7,2,wzybang,,KGC Amulet Titan,G,
ManaTraders Series Modern December 2020,PostZendikarRising,16,2021-01-03,14th,21,9,7,2,HypnoticaL,,Shadow Prowess,BR,Lurrus
ManaTraders Series Modern December 2020,PostZendikarRising,16,2021-01-03,15th,21,9,7,2,Bordas99,,Dredge,BRG,
ManaTraders Series Modern December 2020,PostZendikarRising,16,2021-01-03,16th,21,9,7,2,nbdf,,Dredge,BRG,
ManaTraders Series Modern December 2020,PostZendikarRising,16,2021-01-03,17th,21,9,7,2,B1gDan,,Shadow Prowess,BR,Lurrus
ManaTraders Series Modern December 2020,PostZendikarRising,16,2021-01-03,18th,21,9,7,2,Ekeross,,Shadow Prowess,BR,Lurrus
ManaTraders Series Modern December 2020,PostZendikarRising,16,2021-01-03,19th,21,9,7,2,graciasportanto,,Sultai Control,UBG,
ManaTraders Series Modern December 2020,PostZendikarRising,16,2021-01-03,20th,21,9,7,2,wordy333,,Izzet Prowess,UR,
ManaTraders Series Modern December 2020,PostZendikarRising,16,2021-01-03,21th,21,9,7,2,Olivetti,,WURG Control,WURG,
ManaTraders Series Modern December 2020,PostZendikarRising,16,2021-01-03,22th,21,9,7,2,carloswylde,,KGC Tron,G,
ManaTraders Series Modern December 2020,PostZendikarRising,16,2021-01-03,23th,21,9,7,2,NHA37,,Heliod Combo,WR,
ManaTraders Series Modern December 2020,PostZendikarRising,16,2021-01-03,24th,21,9,7,2,noesmitipo,,Belcher,URG,
ManaTraders Series Modern December 2020,PostZendikarRising,16,2021-01-03,25th,21,9,7,2,Conor_man11,,Hammer Time,WB,Lurrus
ManaTraders Series Modern December 2020,PostZendikarRising,16,2021-01-03,26th,21,9,7,2,5c_Bloodmoon,,Omnath Saheeli,WURG,
ManaTraders Series Modern December 2020,PostZendikarRising,16,2021-01-03,27th,21,9,7,2,Falco_Lombardi,,Hammer Time,W,Lurrus
ManaTraders Series Modern December 2020,PostZendikarRising,16,2021-01-03,28th,21,9,7,2,pedrogush,,Hammer Time,WB,Lurrus
ManaTraders Series Modern December 2020,PostZendikarRising,16,2021-01-03,29th,18,9,6,3,Bedell,,Reclaimer Titan,WG,
ManaTraders Series Modern December 2020,PostZendikarRising,16,2021-01-03,30th,18,9,6,3,max09,,Ad Nauseam,WUB,
ManaTraders Series Modern December 2020,PostZendikarRising,16,2021-01-03,31th,18,9,6,3,PieGonti,,Belcher,BRG,
ManaTraders Series Modern December 2020,PostZendikarRising,16,2021-01-03,32th,18,9,6,3,gazurmah,,Izzet Control,UR,
ManaTraders Series Modern December 2020,PostZendikarRising,16,2021-01-03,33th,18,9,6,3,Pintogeddon2,,Belcher,URG,
ManaTraders Series Modern December 2020,PostZendikarRising,16,2021-01-03,34th,18,9,6,3,Xwhale,,Reclaimer Titan,WG,
ManaTraders Series Modern December 2020,PostZendikarRising,16,2021-01-03,35th,18,9,6,3,__palem__,,Burn,WR,
ManaTraders Series Modern December 2020,PostZendikarRising,16,2021-01-03,36th,18,9,6,3,Foxantes,,Oops All Spells,WUBG,
ManaTraders Series Modern December 2020,PostZendikarRising,16,2021-01-03,37th,18,9,6,3,twinlesstwin,,Mardu Midrange,WBR,
ManaTraders Series Modern December 2020,PostZendikarRising,16,2021-01-03,38th,18,9,6,3,FreedMania,,KGC Amulet Titan,G,
ManaTraders Series Modern December 2020,PostZendikarRising,16,2021-01-03,39th,18,9,6,3,SKK,,Reclaimer Titan,WRG,
ManaTraders Series Modern December 2020,PostZendikarRising,16,2021-01-03,40th,18,9,6,3,Callad0,,Heliod Combo,WG,
ManaTraders Series Modern December 2020,PostZendikarRising,16,2021-01-03,41th,18,9,6,3,Mogged,,Obosh Aggro,R,Obosh
ManaTraders Series Modern December 2020,PostZendikarRising,16,2021-01-03,42th,18,9,6,3,evange_,,Izzet Prowess,UR,
ManaTraders Series Modern December 2020,PostZendikarRising,16,2021-01-03,43th,18,9,6,3,sonso jf,,Heliod Combo,WG,
ManaTraders Series Modern December 2020,PostZendikarRising,16,2021-01-03,44th,18,9,6,3,BaronOfBacon,,Shadow Prowess,BR,Lurrus
ManaTraders Series Modern December 2020,PostZendikarRising,16,2021-01-03,45th,18,9,6,3,fluffywolf2,,Red Prison,R,
ManaTraders Series Modern December 2020,PostZendikarRising,16,2021-01-03,46th,18,9,6,3,SknerusMcKwacz,,WURG Control,WURG,
ManaTraders Series Modern December 2020,PostZendikarRising,16,2021-01-03,47th,18,9,6,3,kaktusowysmok,,Snoop Goblins,BR,
ManaTraders Series Modern December 2020,PostZendikarRising,16,2021-01-03,48th,18,9,6,3,ReanimatorFiend,,WURG Control,WURG,
ManaTraders Series Modern December 2020,PostZendikarRising,16,2021-01-03,49th,18,9,6,3,DmZB,,Gifts Storm,UR,
ManaTraders Series Modern December 2020,PostZendikarRising,16,2021-01-03,50th,18,9,6,3,tbrantl99,,Ad Nauseam,WUB,
ManaTraders Series Modern December 2020,PostZendikarRising,16,2021-01-03,51th,18,9,6,3,starfall,,Shadow Prowess,BR,Lurrus
ManaTraders Series Modern December 2020,PostZendikarRising,16,2021-01-03,52th,18,9,6,3,didoguidotti1,,WURG Control,WURG,
ManaTraders Series Modern December 2020,PostZendikarRising,16,2021-01-03,53th,18,9,6,3,thecodyhope,,Elementals,WUBRG,Kaheera
ManaTraders Series Modern December 2020,PostZendikarRising,16,2021-01-03,54th,18,9,6,3,Sam_M,,Spirits,WU,
ManaTraders Series Modern December 2020,PostZendikarRising,16,2021-01-03,55th,18,9,6,3,jacopo88,,Reclaimer Titan,WRG,
ManaTraders Series Modern December 2020,PostZendikarRising,16,2021-01-03,56th,18,9,6,3,armstrong36,,Dredge,BRG,
ManaTraders Series Modern December 2020,PostZendikarRising,16,2021-01-03,57th,18,9,6,3,Offbeat_Hero,,Mono White Taxes,W,Yorion
ManaTraders Series Modern December 2020,PostZendikarRising,16,2021-01-03,58th,18,9,6,3,Moonsault37,,Humans,WUBRG,
ManaTraders Series Modern December 2020,PostZendikarRising,16,2021-01-03,59th,18,9,6,3,SonicK,,Belcher,URG,
ManaTraders Series Modern December 2020,PostZendikarRising,16,2021-01-03,60th,18,9,6,3,a_p_s,,Thopter Urza,WU,
ManaTraders Series Modern December 2020,PostZendikarRising,16,2021-01-03,61th,18,9,6,3,grinderA,,Izzet Prowess,UR,
ManaTraders Series Modern December 2020,PostZendikarRising,16,2021-01-03,62th,18,9,6,3,Better_than_Average,,Obosh Aggro,R,Obosh
ManaTraders Series Modern December 2020,PostZendikarRising,16,2021-01-03,63th,18,9,6,3,wild88plk,,Reclaimer Titan,WRG,
ManaTraders Series Modern December 2020,PostZendikarRising,16,2021-01-03,64th,18,9,6,3,RnB,,Obosh Aggro,R,Obosh
ManaTraders Series Modern December 2020,PostZendikarRising,16,2021-01-03,65th,15,9,5,4,A22en,,Mill,UB,Lurrus
ManaTraders Series Modern December 2020,PostZendikarRising,16,2021-01-03,66th,15,9,5,4,djbmppwns,,Heliod Combo,WG,
ManaTraders Series Modern December 2020,PostZendikarRising,16,2021-01-03,67th,15,9,5,4,V3rve,,Shadow Prowess,BRG,Lurrus
ManaTraders Series Modern December 2020,PostZendikarRising,16,2021-01-03,68th,15,9,5,4,do0mswitch,,WURG Control,WURG,
ManaTraders Series Modern December 2020,PostZendikarRising,16,2021-01-03,69th,15,9,5,4,tarrasque1,,Mono White Taxes,W,
ManaTraders Series Modern December 2020,PostZendikarRising,16,2021-01-03,70th,15,9,5,4,musasabi,,Mardu Midrange,WBR,
ManaTraders Series Modern December 2020,PostZendikarRising,16,2021-01-03,71th,15,9,5,4,Sciakimika,,KGC Amulet Titan,G,
ManaTraders Series Modern December 2020,PostZendikarRising,16,2021-01-03,72th,15,9,5,4,dynamisskill,,Heliod Combo,WG,
ManaTraders Series Modern December 2020,PostZendikarRising,16,2021-01-03,73th,15,9,5,4,GrilledCheese,,KGC Amulet Titan,G,
ManaTraders Series Modern December 2020,PostZendikarRising,16,2021-01-03,74th,15,9,5,4,TheWillHallExp,,Mardu Midrange,WBR,
ManaTraders Series Modern December 2020,PostZendikarRising,16,2021-01-03,75th,15,9,5,4,NAKISHIMA,,Oops All Spells,WUBG,
ManaTraders Series Modern December 2020,PostZendikarRising,16,2021-01-03,76th,15,9,5,4,ThreeThreeElk,,Reclaimer Titan,WG,
ManaTraders Series Modern December 2020,PostZendikarRising,16,2021-01-03,77th,15,9,5,4,ShutoShotokan,,Humans,WUBRG,
ManaTraders Series Modern December 2020,PostZendikarRising,16,2021-01-03,78th,15,9,5,4,Vad3r,,Niv To Light,WUBRG,Yorion
ManaTraders Series Modern December 2020,PostZendikarRising,16,2021-01-03,79th,15,9,5,4,MadMaxErnst,,WURG Control,WURG,
ManaTraders Series Modern December 2020,PostZendikarRising,16,2021-01-03,80th,15,9,5,4,TheEnduringIdealist,,Belcher,WRG,
ManaTraders Series Modern December 2020,PostZendikarRising,16,2021-01-03,81th,15,9,5,4,solaec0501,,Primeval Titan,UG,
ManaTraders Series Modern December 2020,PostZendikarRising,16,2021-01-03,82th,15,9,5,4,FromTheCrypt,,E Tron,C,
ManaTraders Series Modern December 2020,PostZendikarRising,16,2021-01-03,83th,15,9,5,4,badluckbandit,,Heliod Combo,WG,
ManaTraders Series Modern December 2020,PostZendikarRising,16,2021-01-03,84th,15,9,5,4,the302storm,,Bant Control,WUG,
ManaTraders Series Modern December 2020,PostZendikarRising,16,2021-01-03,85th,15,9,5,4,INickStrad,,WURG Control,WURG,
ManaTraders Series Modern December 2020,PostZendikarRising,16,2021-01-03,86th,15,9,5,4,Joao_Andrade,,WURG Control,WURG,
ManaTraders Series Modern December 2020,PostZendikarRising,16,2021-01-03,87th,15,9,5,4,Kuhb,,Hammer Time,WB,Lurrus
ManaTraders Series Modern December 2020,PostZendikarRising,16,2021-01-03,88th,15,9,5,4,ridetheiguana,,Rakdos Midrange,BR,
ManaTraders Series Modern December 2020,PostZendikarRising,16,2021-01-03,89th,15,9,5,4,mikeleee,,Shadow Prowess,BR,Lurrus
ManaTraders Series Modern December 2020,PostZendikarRising,16,2021-01-03,90th,15,9,5,4,rorschach-,,WURG Control,WURG,
ManaTraders Series Modern December 2020,PostZendikarRising,16,2021-01-03,91th,15,9,5,4,powery,,Heliod Combo,WG,
ManaTraders Series Modern December 2020,PostZendikarRising,16,2021-01-03,92th,15,9,5,4,LMAOMOBILE,,Rakdos Midrange,BR,
ManaTraders Series Modern December 2020,PostZendikarRising,16,2021-01-03,93th,15,9,5,4,adriaferrer,,Sultai Control,UBG,
ManaTraders Series Modern December 2020,PostZendikarRising,16,2021-01-03,94th,15,9,5,4,_Shatun_,,Rakdos Midrange,BR,
ManaTraders Series Modern December 2020,PostZendikarRising,16,2021-01-03,95th,15,9,5,4,On-The-Play,,Rakdos Midrange,BR,
ManaTraders Series Modern December 2020,PostZendikarRising,16,2021-01-03,96th,15,9,5,4,SimoCr,,KGC Tron,G,
ManaTraders Series Modern December 2020,PostZendikarRising,16,2021-01-03,97th,15,9,5,4,La_Parkita,,Izzet Prowess,UR,
ManaTraders Series Modern December 2020,PostZendikarRising,16,2021-01-03,98th,15,9,5,4,GlimpseOfRandomness,,Sultai Control,UBG,
ManaTraders Series Modern December 2020,PostZendikarRising,16,2021-01-03,99th,15,9,5,4,Bodybag,,Shadow Prowess,BR,Lurrus
ManaTraders Series Modern December 2020,PostZendikarRising,16,2021-01-03,100th,15,9,5,4,thinenagooyen,,Titan Shift,RG,
ManaTraders Series Modern December 2020,PostZendikarRising,16,2021-01-03,101th,15,8,5,3,Traft,,WURG Control,WURG,
ManaTraders Series Modern December 2020,PostZendikarRising,16,2021-01-03,102th,12,9,4,5,SebastianStueckl,,Heliod Combo,WG,
ManaTraders Series Modern December 2020,PostZendikarRising,16,2021-01-03,103th,12,9,4,5,bwheezy,,Jeskai Control,WUR,
ManaTraders Series Modern December 2020,PostZendikarRising,16,2021-01-03,104th,12,9,4,5,ElYallo,,Heliod Combo,WG,
ManaTraders Series Modern December 2020,PostZendikarRising,16,2021-01-03,105th,12,9,4,5,Frutuoso,,Orzhov Midrange,WB,
ManaTraders Series Modern December 2020,PostZendikarRising,16,2021-01-03,106th,12,9,4,5,_LSN_,,Burn,WR,Lurrus
ManaTraders Series Modern December 2020,PostZendikarRising,16,2021-01-03,107th,12,9,4,5,DaniMRebel,,Spirits,WU,
ManaTraders Series Modern December 2020,PostZendikarRising,16,2021-01-03,108th,12,9,4,5,MaxCapone,,Oops All Spells,WUBG,
ManaTraders Series Modern December 2020,PostZendikarRising,16,2021-01-03,109th,12,9,4,5,ReinardBR,,KGC Tron,G,
ManaTraders Series Modern December 2020,PostZendikarRising,16,2021-01-03,110th,12,9,4,5,MissTrigger,,Izzet Prowess,UR,
ManaTraders Series Modern December 2020,PostZendikarRising,16,2021-01-03,111th,12,9,4,5,bucknasty691989,,Rakdos Midrange,BR,
ManaTraders Series Modern December 2020,PostZendikarRising,16,2021-01-03,112th,12,9,4,5,mac121711,,WURG Control,WURG,
ManaTraders Series Modern December 2020,PostZendikarRising,16,2021-01-03,113th,12,9,4,5,Hollardustin,,Jeskai Control,WUR,
ManaTraders Series Modern December 2020,PostZendikarRising,16,2021-01-03,114th,12,9,4,5,cptobvious343,,Izzet Control,UR,
ManaTraders Series Modern December 2020,PostZendikarRising,16,2021-01-03,115th,12,9,4,5,MandrillMan,,Heliod Combo,WG,
ManaTraders Series Modern December 2020,PostZendikarRising,16,2021-01-03,116th,12,9,4,5,Jositoshekel,,Heliod Combo,WG,
ManaTraders Series Modern December 2020,PostZendikarRising,16,2021-01-03,117th,12,9,4,5,paucr5,,E Tron,C,
ManaTraders Series Modern December 2020,PostZendikarRising,16,2021-01-03,118th,12,9,4,5,Child_oftheSand,,Mono White Taxes,W,
ManaTraders Series Modern December 2020,PostZendikarRising,16,2021-01-03,119th,12,9,4,5,DavidLeChiffre,,Humans,WUBRG,
ManaTraders Series Modern December 2020,PostZendikarRising,16,2021-01-03,120th,12,9,4,5,Ne-rik-is,,Mono White Taxes,W,
ManaTraders Series Modern December 2020,PostZendikarRising,16,2021-01-03,121th,12,8,4,4,Costola91,,Heliod Combo,WG,
ManaTraders Series Modern December 2020,PostZendikarRising,16,2021-01-03,122th,12,8,4,4,nsroller,,Heliod Combo,WG,
ManaTraders Series Modern December 2020,PostZendikarRising,16,2021-01-03,123th,12,8,4,4,DuHeng,,Shadow Prowess,BR,Lurrus
ManaTraders Series Modern December 2020,PostZendikarRising,16,2021-01-03,124th,12,8,4,4,Alexmcl88,,Amulet Titan,G,
ManaTraders Series Modern December 2020,PostZendikarRising,16,2021-01-03,125th,12,7,4,3,patxi,,Dimir Control,UB,
ManaTraders Series Modern December 2020,PostZendikarRising,16,2021-01-03,126th,12,7,4,3,Elfkid,,Dredge,BRG,
ManaTraders Series Modern December 2020,PostZendikarRising,16,2021-01-03,127th,12,7,4,3,spiderspace,,Belcher,URG,
ManaTraders Series Modern December 2020,PostZendikarRising,16,2021-01-03,128th,12,7,4,3,xf13rc3byerly,,Shadow Prowess,BR,Lurrus
ManaTraders Series Modern December 2020,PostZendikarRising,16,2021-01-03,129th,12,7,4,3,jenara19,,KGC Tron,G,
ManaTraders Series Modern December 2020,PostZendikarRising,16,2021-01-03,130th,12,7,4,3,claydawson,,Izzet Prowess,UR,
ManaTraders Series Modern December 2020,PostZendikarRising,16,2021-01-03,131th,12,7,4,3,indianpancake,,Sultai Control,UBG,
ManaTraders Series Modern December 2020,PostZendikarRising,16,2021-01-03,132th,12,7,4,3,Broccoliasaurus,,Rakdos Midrange,BR,
ManaTraders Series Modern December 2020,PostZendikarRising,16,2021-01-03,133th,12,7,4,3,bolov0,,Mardu Midrange,WBR,
ManaTraders Series Modern December 2020,PostZendikarRising,16,2021-01-03,134th,12,7,4,3,HenryAmbrogius,,Gifts Storm,UR,
ManaTraders Series Modern December 2020,PostZendikarRising,16,2021-01-03,135th,12,7,4,3,Draconic1,,Reclaimer Titan,WG,
ManaTraders Series Modern December 2020,PostZendikarRising,16,2021-01-03,136th,9,9,3,6,Bloodlights,,Dimir Control,UB,
ManaTraders Series Modern December 2020,PostZendikarRising,16,2021-01-03,137th,9,9,3,6,bigb3n,,WURG Control,WURG,
ManaTraders Series Modern December 2020,PostZendikarRising,16,2021-01-03,138th,9,9,3,6,christopdeck,,Burn,WR,Lurrus
ManaTraders Series Modern December 2020,PostZendikarRising,16,2021-01-03,139th,9,9,3,6,aedrew,,Humans,WUBRG,
ManaTraders Series Modern December 2020,PostZendikarRising,16,2021-01-03,140th,9,9,3,6,kolbej,,WURG Control,WURG,
ManaTraders Series Modern December 2020,PostZendikarRising,16,2021-01-03,141th,9,8,3,5,bozokaboy,,Oops All Spells,WUBG,
ManaTraders Series Modern December 2020,PostZendikarRising,16,2021-01-03,142th,9,8,3,5,mikepick7,,Burn,WR,
ManaTraders Series Modern December 2020,PostZendikarRising,16,2021-01-03,143th,9,8,3,5,LucasG1ggs,,E Tron,C,
ManaTraders Series Modern December 2020,PostZendikarRising,16,2021-01-03,144th,9,7,3,4,diem4x,,Sultai Control,UBG,
ManaTraders Series Modern December 2020,PostZendikarRising,16,2021-01-03,145th,9,7,3,4,meanfannypack,,Heliod Combo,WG,
ManaTraders Series Modern December 2020,PostZendikarRising,16,2021-01-03,146th,9,7,3,4,_Batutinha_,,Reclaimer Titan,WRG,
ManaTraders Series Modern December 2020,PostZendikarRising,16,2021-01-03,147th,9,7,3,4,FerMTG,,Rakdos Midrange,BR,
ManaTraders Series Modern December 2020,PostZendikarRising,16,2021-01-03,148th,9,7,3,4,Cobstrike,,Reclaimer Titan,WRG,
ManaTraders Series Modern December 2020,PostZendikarRising,16,2021-01-03,149th,9,7,3,4,boulderelf,,Obosh Aggro,R,Obosh
ManaTraders Series Modern December 2020,PostZendikarRising,16,2021-01-03,150th,9,7,3,4,papporockentucara,,Heliod Combo,WG,
ManaTraders Series Modern December 2020,PostZendikarRising,16,2021-01-03,151th,9,7,3,4,ATGerwaz,,Sultai Control,UBG,
ManaTraders Series Modern December 2020,PostZendikarRising,16,2021-01-03,152th,9,7,3,4,Aerien_sol,,Sultai Control,UBG,
ManaTraders Series Modern December 2020,PostZendikarRising,16,2021-01-03,153th,9,7,3,4,rafusfito,,Ad Nauseam,WUB,
ManaTraders Series Modern December 2020,PostZendikarRising,16,2021-01-03,154th,9,7,3,4,delverniv,,Izzet Prowess,UR,
ManaTraders Series Modern December 2020,PostZendikarRising,16,2021-01-03,155th,9,6,3,3,cntrlfreak,,Shadow Prowess,BR,Lurrus
ManaTraders Series Modern December 2020,PostZendikarRising,16,2021-01-03,156th,9,6,3,3,w1vern,,Shadow Prowess,BR,Lurrus
ManaTraders Series Modern December 2020,PostZendikarRising,16,2021-01-03,157th,9,6,3,3,lipingpong,,Burn,WR,
ManaTraders Series Modern December 2020,PostZendikarRising,16,2021-01-03,158th,9,6,3,3,magic_viking,,Bant Blink,WUG,
ManaTraders Series Modern December 2020,PostZendikarRising,16,2021-01-03,159th,9,6,3,3,Firewalker89,,Grixis Shadow,UBR,
ManaTraders Series Modern December 2020,PostZendikarRising,16,2021-01-03,160th,9,6,3,3,Sprouts,,Hammer Time,WR,
ManaTraders Series Modern December 2020,PostZendikarRising,16,2021-01-03,161th,9,6,3,3,Sods,,KGC Tron,G,
ManaTraders Series Modern December 2020,PostZendikarRising,16,2021-01-03,162th,9,6,3,3,Gigy,,Shadow Prowess,BR,Lurrus
ManaTraders Series Modern December 2020,PostZendikarRising,16,2021-01-03,163th,9,5,3,2,HouseOfManaMTG,,KGC Amulet Titan,G,
ManaTraders Series Modern December 2020,PostZendikarRising,16,2021-01-03,164th,9,5,3,2,TwistedWombat,,Izzet Prowess,UR,
ManaTraders Series Modern December 2020,PostZendikarRising,16,2021-01-03,165th,9,5,3,2,albertosd,,WBRG Shadow,WBRG,
ManaTraders Series Modern December 2020,PostZendikarRising,16,2021-01-03,166th,9,5,3,2,Aluren85,,Scapeshift,WURG,
ManaTraders Series Modern December 2020,PostZendikarRising,16,2021-01-03,167th,9,5,3,2,CordoTwin,,Shadow Prowess,BR,Lurrus
ManaTraders Series Modern December 2020,PostZendikarRising,16,2021-01-03,168th,9,5,3,2,marcofabrizi,,Shadow Prowess,BR,Lurrus
ManaTraders Series Modern December 2020,PostZendikarRising,16,2021-01-03,169th,9,5,3,2,ander_lizarrakoa,,Dimir Control,UB,
ManaTraders Series Modern December 2020,PostZendikarRising,16,2021-01-03,170th,6,8,2,6,matyo804,,Reclaimer Titan,WG,
ManaTraders Series Modern December 2020,PostZendikarRising,16,2021-01-03,171th,6,7,2,5,teske,,Azorius Control,WU,
ManaTraders Series Modern December 2020,PostZendikarRising,16,2021-01-03,172th,6,7,2,5,Tykos,,Hammer Time,WB,Lurrus
ManaTraders Series Modern December 2020,PostZendikarRising,16,2021-01-03,173th,6,7,2,5,schnda,,WURG Control,WURG,
ManaTraders Series Modern December 2020,PostZendikarRising,16,2021-01-03,174th,6,7,2,5,KarnageKardsENT,,Ad Nauseam,WUB,
ManaTraders Series Modern December 2020,PostZendikarRising,16,2021-01-03,175th,6,6,2,4,mistakenn,,Amulet Titan,RG,
ManaTraders Series Modern December 2020,PostZendikarRising,16,2021-01-03,176th,6,6,2,4,Krikles,,Obosh Aggro,R,Obosh
ManaTraders Series Modern December 2020,PostZendikarRising,16,2021-01-03,177th,6,6,2,4,NJGB1,,UBRG Shadow,UBRG,
ManaTraders Series Modern December 2020,PostZendikarRising,16,2021-01-03,178th,6,6,2,4,guispiller,,Gifts Storm,UR,
ManaTraders Series Modern December 2020,PostZendikarRising,16,2021-01-03,179th,6,6,2,4,ACG88,,KGC Tron,G,
ManaTraders Series Modern December 2020,PostZendikarRising,16,2021-01-03,180th,6,6,2,4,NightKnight131,,Heliod Combo,WG,
ManaTraders Series Modern December 2020,PostZendikarRising,16,2021-01-03,181th,6,6,2,4,DcNo,,Humans,WUBRG,
ManaTraders Series Modern December 2020,PostZendikarRising,16,2021-01-03,182th,6,6,2,4,TeamGreed,,Dredge,BRG,
ManaTraders Series Modern December 2020,PostZendikarRising,16,2021-01-03,183th,6,5,2,3,JUJUBEAN__2004,,Heliod Combo,WG,
ManaTraders Series Modern December 2020,PostZendikarRising,16,2021-01-03,184th,6,5,2,3,Aeolus1295,,KGC Amulet Titan,G,
ManaTraders Series Modern December 2020,PostZendikarRising,16,2021-01-03,185th,6,5,2,3,ShowTime_,,Rakdos Midrange,BR,
ManaTraders Series Modern December 2020,PostZendikarRising,16,2021-01-03,186th,6,5,2,3,MrRaeb,,WURG Control,WURG,
ManaTraders Series Modern December 2020,PostZendikarRising,16,2021-01-03,187th,6,5,2,3,Joshicallsmefabo,,Shadow Prowess,BR,Lurrus
ManaTraders Series Modern December 2020,PostZendikarRising,16,2021-01-03,188th,6,5,2,3,Shadowz2005,,Mardu Midrange,WBR,
ManaTraders Series Modern December 2020,PostZendikarRising,16,2021-01-03,189th,6,5,2,3,kingfroik,,Shadow Prowess,BR,Lurrus
ManaTraders Series Modern December 2020,PostZendikarRising,16,2021-01-03,190th,6,5,2,3,sam555101,,Izzet Prowess,UR,
ManaTraders Series Modern December 2020,PostZendikarRising,16,2021-01-03,191th,6,5,2,3,_Takeno_,,Red Prison,R,
ManaTraders Series Modern December 2020,PostZendikarRising,16,2021-01-03,192th,6,5,2,3,easymoneymarksman,,Shadow Prowess,BR,Lurrus
ManaTraders Series Modern December 2020,PostZendikarRising,16,2021-01-03,193th,6,5,2,3,sharkcaster_mage,,Humans,WUBRG,
ManaTraders Series Modern December 2020,PostZendikarRising,16,2021-01-03,194th,6,5,2,3,Koso,,Shadow Prowess,BR,Lurrus
ManaTraders Series Modern December 2020,PostZendikarRising,16,2021-01-03,195th,6,5,2,3,Capipf95,,Burn,WR,Lurrus
ManaTraders Series Modern December 2020,PostZendikarRising,16,2021-01-03,196th,6,5,2,3,nothingnamed,,KGC Tron,G,
ManaTraders Series Modern December 2020,PostZendikarRising,16,2021-01-03,197th,6,5,2,3,Cabz,,Burn,WR,
ManaTraders Series Modern December 2020,PostZendikarRising,16,2021-01-03,198th,6,5,2,3,MartinezDP,,Omnath Saheeli,WURG,Yorion
ManaTraders Series Modern December 2020,PostZendikarRising,16,2021-01-03,199th,6,5,2,3,Frankdog,,Snoop Goblins,BR,
ManaTraders Series Modern December 2020,PostZendikarRising,16,2021-01-03,200th,6,5,2,3,WhiteFaces,,Hammer Time,W,Lurrus
ManaTraders Series Modern December 2020,PostZendikarRising,16,2021-01-03,201th,6,5,2,3,LuisMj,,WURG Control,WURG,
ManaTraders Series Modern December 2020,PostZendikarRising,16,2021-01-03,202th,6,5,2,3,Denmark_Dan,,Azorius Control,WU,
ManaTraders Series Modern December 2020,PostZendikarRising,16,2021-01-03,203th,6,5,2,3,Bomberboss,,Mardu Midrange,WBR,
ManaTraders Series Modern December 2020,PostZendikarRising,16,2021-01-03,204th,6,4,2,2,NathanLipetz,,Rakdos Midrange,BR,
ManaTraders Series Modern December 2020,PostZendikarRising,16,2021-01-03,205th,6,4,2,2,magma728,,Ad Nauseam,WUB,
ManaTraders Series Modern December 2020,PostZendikarRising,16,2021-01-03,206th,6,4,2,2,bamzing,,WURG Control,WURG,
ManaTraders Series Modern December 2020,PostZendikarRising,16,2021-01-03,207th,6,4,2,2,Rosencrantz_920,,KGC Amulet Titan,G,
ManaTraders Series Modern December 2020,PostZendikarRising,16,2021-01-03,208th,6,4,2,2,blavantasian,,Ad Nauseam,WUB,
ManaTraders Series Modern December 2020,PostZendikarRising,16,2021-01-03,209th,6,4,2,2,tylerjjobrien,,Rakdos Midrange,BR,
ManaTraders Series Modern December 2020,PostZendikarRising,16,2021-01-03,210th,6,4,2,2,Fink64,,Infect,BG,
ManaTraders Series Modern December 2020,PostZendikarRising,16,2021-01-03,211th,6,4,2,2,TwitchAwP,,Ad Nauseam,WUB,
ManaTraders Series Modern December 2020,PostZendikarRising,16,2021-01-03,212th,6,4,2,2,Pietrone10,,Infect,UG,
ManaTraders Series Modern December 2020,PostZendikarRising,16,2021-01-03,213th,6,4,2,2,albert62,,WURG Control,WURG,
ManaTraders Series Modern December 2020,PostZendikarRising,16,2021-01-03,214th,6,4,2,2,Geme,,KGC Tron,G,
ManaTraders Series Modern December 2020,PostZendikarRising,16,2021-01-03,215th,6,4,2,2,Stompy45,,Mardu Midrange,WBR,
ManaTraders Series Modern December 2020,PostZendikarRising,16,2021-01-03,216th,6,4,2,2,ballestin93,,WURG Control,WURG,
ManaTraders Series Modern December 2020,PostZendikarRising,16,2021-01-03,217th,3,8,1,7,MagicMichiel,,Shadow Prowess,BR,Lurrus
ManaTraders Series Modern December 2020,PostZendikarRising,16,2021-01-03,218th,3,7,1,6,Kauri,,Hardened Scales,RG,
ManaTraders Series Modern December 2020,PostZendikarRising,16,2021-01-03,219th,3,6,1,5,Kyro4,,Shadow Prowess,BR,Lurrus
ManaTraders Series Modern December 2020,PostZendikarRising,16,2021-01-03,220th,3,6,1,5,kronos23,,E Tron,C,
ManaTraders Series Modern December 2020,PostZendikarRising,16,2021-01-03,221th,3,5,1,4,lsmguys,,WURG Control,WURG,
ManaTraders Series Modern December 2020,PostZendikarRising,16,2021-01-03,222th,3,5,1,4,Kenzaburo,,WURG Control,WURG,
ManaTraders Series Modern December 2020,PostZendikarRising,16,2021-01-03,223th,3,5,1,4,ninomtg,,Shadow Prowess,BR,Lurrus
ManaTraders Series Modern December 2020,PostZendikarRising,16,2021-01-03,224th,3,5,1,4,zaferus,,Burn,WR,
ManaTraders Series Modern December 2020,PostZendikarRising,16,2021-01-03,225th,3,5,1,4,ouranos139,,Amulet Titan,G,
ManaTraders Series Modern December 2020,PostZendikarRising,16,2021-01-03,226th,3,5,1,4,AlabasterWolfie,,Shadow Prowess,UBRG,Lurrus
ManaTraders Series Modern December 2020,PostZendikarRising,16,2021-01-03,227th,3,5,1,4,Ruizthebeast,,Devoted,WG,Lurrus
ManaTraders Series Modern December 2020,PostZendikarRising,16,2021-01-03,228th,3,5,1,4,remf,,Spirits,WU,
ManaTraders Series Modern December 2020,PostZendikarRising,16,2021-01-03,229th,3,5,1,4,Iceman76,,Snoop Goblins,BR,
ManaTraders Series Modern December 2020,PostZendikarRising,16,2021-01-03,230th,3,5,1,4,APandaWithOneLeg,,KGC Tron,G,Jegantha
ManaTraders Series Modern December 2020,PostZendikarRising,16,2021-01-03,231th,3,5,1,4,Kirkinator,,Obosh Aggro,R,Obosh
ManaTraders Series Modern December 2020,PostZendikarRising,16,2021-01-03,232th,3,4,1,3,Camero,,Belcher,URG,
ManaTraders Series Modern December 2020,PostZendikarRising,16,2021-01-03,233th,3,4,1,3,ncowden,,WURG Control,WURG,
ManaTraders Series Modern December 2020,PostZendikarRising,16,2021-01-03,234th,3,4,1,3,Fenrir303,,Hammer Time,WB,Lurrus
ManaTraders Series Modern December 2020,PostZendikarRising,16,2021-01-03,235th,3,4,1,3,SamuelGraebner,,WURG Control,WURG,
ManaTraders Series Modern December 2020,PostZendikarRising,16,2021-01-03,236th,3,4,1,3,3HaLeX1,,Izzet Prowess,UR,
ManaTraders Series Modern December 2020,PostZendikarRising,16,2021-01-03,237th,3,4,1,3,alasan922,,Bant Midrange,WUG,
ManaTraders Series Modern December 2020,PostZendikarRising,16,2021-01-03,238th,3,4,1,3,yumad3988,,Primeval Titan,UG,
ManaTraders Series Modern December 2020,PostZendikarRising,16,2021-01-03,239th,3,4,1,3,Hexdrinker9,,Naya Midrange,WRG,
ManaTraders Series Modern December 2020,PostZendikarRising,16,2021-01-03,240th,3,4,1,3,therf,,Jeskai Control,WUR,
ManaTraders Series Modern December 2020,PostZendikarRising,16,2021-01-03,241th,3,4,1,3,adamwasmo,,Oops All Spells,UBRG,
ManaTraders Series Modern December 2020,PostZendikarRising,16,2021-01-03,242th,3,4,1,3,Laplasjan,,Hammer Time,WB,Lurrus
ManaTraders Series Modern December 2020,PostZendikarRising,16,2021-01-03,243th,3,4,1,3,Marinex,,Dredge,BRG,
ManaTraders Series Modern December 2020,PostZendikarRising,16,2021-01-03,244th,3,4,1,3,Wede97,,Snoop Goblins,BR,
ManaTraders Series Modern December 2020,PostZendikarRising,16,2021-01-03,245th,3,4,1,3,antus94,,Shadow Prowess,BRG,Lurrus
ManaTraders Series Modern December 2020,PostZendikarRising,16,2021-01-03,246th,3,4,1,3,KBTMTG,,E Tron,C,
ManaTraders Series Modern December 2020,PostZendikarRising,16,2021-01-03,247th,3,4,1,3,zecarlonxo,,Obosh Aggro,R,Obosh
ManaTraders Series Modern December 2020,PostZendikarRising,16,2021-01-03,248th,3,4,1,3,SacmenFeg,,Burn,WR,
ManaTraders Series Modern December 2020,PostZendikarRising,16,2021-01-03,249th,3,3,1,2,Halobender,,Izzet Prowess,UR,
ManaTraders Series Modern December 2020,PostZendikarRising,16,2021-01-03,250th,3,3,1,2,pepeteam,,Sultai Control,UBG,
ManaTraders Series Modern December 2020,PostZendikarRising,16,2021-01-03,251th,3,3,1,2,Nammersquats,,Infect,UG,
ManaTraders Series Modern December 2020,PostZendikarRising,16,2021-01-03,252th,3,3,1,2,Frejat,,Rakdos Midrange,BR,
ManaTraders Series Modern December 2020,PostZendikarRising,16,2021-01-03,253th,3,3,1,2,jackchurch1996,,Mardu Midrange,WBR,
ManaTraders Series Modern December 2020,PostZendikarRising,16,2021-01-03,254th,3,3,1,2,Whitco02,,Izzet Prowess,UR,
ManaTraders Series Modern December 2020,PostZendikarRising,16,2021-01-03,255th,3,3,1,2,Bayesta_93,,Shadow Prowess,BR,Lurrus
ManaTraders Series Modern December 2020,PostZendikarRising,16,2021-01-03,256th,3,3,1,2,carletao,,Izzet Control,UR,
ManaTraders Series Modern December 2020,PostZendikarRising,16,2021-01-03,257th,3,3,1,2,d00mwake,,Rakdos Prowess,BR,Lurrus
ManaTraders Series Modern December 2020,PostZendikarRising,16,2021-01-03,258th,3,3,1,2,Karatedom,,Rakdos Prowess,BR,Lurrus
ManaTraders Series Modern December 2020,PostZendikarRising,16,2021-01-03,259th,3,3,1,2,WeareVenom,,WURG Control,WURG,
ManaTraders Series Modern December 2020,PostZendikarRising,16,2021-01-03,260th,3,3,1,2,BSK_hercules,,Sultai Control,UBG,
ManaTraders Series Modern December 2020,PostZendikarRising,16,2021-01-03,261th,3,3,1,2,Wtnof,,Oops All Spells,WUBG,
ManaTraders Series Modern December 2020,PostZendikarRising,16,2021-01-03,262th,3,3,1,2,Fenruscloud,,Infect,BG,
ManaTraders Series Modern December 2020,PostZendikarRising,16,2021-01-03,263th,3,3,1,2,vfras96,,Rogues,UB,Lurrus
ManaTraders Series Modern December 2020,PostZendikarRising,16,2021-01-03,264th,3,3,1,2,WhiTe TsaR,,Sultai Control,UBG,
ManaTraders Series Modern December 2020,PostZendikarRising,16,2021-01-03,265th,3,3,1,2,Kr0k39,,Gifts Storm,UR,
ManaTraders Series Modern December 2020,PostZendikarRising,16,2021-01-03,266th,3,2,1,1,TuggaNaxos,,WURG Control,WURG,
ManaTraders Series Modern December 2020,PostZendikarRising,16,2021-01-03,267th,0,4,0,4,travis8427,,Infect,UG,
ManaTraders Series Modern December 2020,PostZendikarRising,16,2021-01-03,268th,0,4,0,4,spokes,,Oops All Spells,WUBG,
ManaTraders Series Modern December 2020,PostZendikarRising,16,2021-01-03,269th,0,4,0,4,iaky91,,Ad Nauseam,WUB,
ManaTraders Series Modern December 2020,PostZendikarRising,16,2021-01-03,270th,0,4,0,4,_Luks,,Thopter Urza,UBR,
ManaTraders Series Modern December 2020,PostZendikarRising,16,2021-01-03,271th,0,3,0,3,SouthernSliver,,Slivers,WUBRG,
ManaTraders Series Modern December 2020,PostZendikarRising,16,2021-01-03,272th,0,3,0,3,energiza,,Humans,WUBRG,
ManaTraders Series Modern December 2020,PostZendikarRising,16,2021-01-03,273th,0,3,0,3,SweetIto,,Shadow Prowess,BR,Lurrus
ManaTraders Series Modern December 2020,PostZendikarRising,16,2021-01-03,274th,0,3,0,3,weishengzhishabi,,Sultai Control,UBG,
ManaTraders Series Modern December 2020,PostZendikarRising,16,2021-01-03,275th,0,3,0,3,pokerswizard,,Spirits,WU,
ManaTraders Series Modern December 2020,PostZendikarRising,16,2021-01-03,276th,0,3,0,3,toondoslav,,Infect,UG,
ManaTraders Series Modern December 2020,PostZendikarRising,16,2021-01-03,277th,0,3,0,3,miqa,,Izzet Living End,UR,
ManaTraders Series Modern December 2020,PostZendikarRising,16,2021-01-03,278th,0,3,0,3,dhawk50,,Burn,WR,
ManaTraders Series Modern December 2020,PostZendikarRising,16,2021-01-03,279th,0,2,0,2,crazeejakee07,,WURG Control,WURG,
ManaTraders Series Modern December 2020,PostZendikarRising,16,2021-01-03,280th,0,2,0,2,1yo2yo,,Thopter Urza,WUB,
ManaTraders Series Modern December 2020,PostZendikarRising,16,2021-01-03,281th,0,2,0,2,LiturgijskaKnjiga,,Bogles,WG,
ManaTraders Series Modern December 2020,PostZendikarRising,16,2021-01-03,282th,0,2,0,2,DirtyRowdyBoy,,WURG Control,WURG,
ManaTraders Series Modern December 2020,PostZendikarRising,16,2021-01-03,283th,0,2,0,2,Daking3603,,Reclaimer Titan,WRG,
ManaTraders Series Modern December 2020,PostZendikarRising,16,2021-01-03,284th,0,2,0,2,jdmoyer17,,Mill,UB,Lurrus
ManaTraders Series Modern December 2020,PostZendikarRising,16,2021-01-03,285th,0,2,0,2,ArchaeusDota,,Uroza,WUBRG,
ManaTraders Series Modern December 2020,PostZendikarRising,16,2021-01-03,286th,0,2,0,2,Drockafeller,,WURG Control,WURG,
ManaTraders Series Modern December 2020,PostZendikarRising,16,2021-01-03,287th,0,2,0,2,Tw33Ty,,Shadow Prowess,BR,Lurrus
ManaTraders Series Modern December 2020,PostZendikarRising,16,2021-01-03,288th,0,2,0,2,ziofrancone,,Jeskai Breach,WURG,Jegantha
ManaTraders Series Modern December 2020,PostZendikarRising,16,2021-01-03,289th,0,2,0,2,Noix11,,Humans,WUBRG,
ManaTraders Series Modern December 2020,PostZendikarRising,16,2021-01-03,290th,0,2,0,2,TheJigIsAlwaysUp,,Heliod Combo,WG,
ManaTraders Series Modern December 2020,PostZendikarRising,16,2021-01-03,291th,0,2,0,2,Mateusf34,,E Tron,C,
ManaTraders Series Modern December 2020,PostZendikarRising,16,2021-01-03,292th,0,2,0,2,FingersMLD,,Mono White Taxes,W,
ManaTraders Series Modern December 2020,PostZendikarRising,16,2021-01-03,293th,0,2,0,2,tzirkel,,Heliod Combo,WG,
ManaTraders Series Modern December 2020,PostZendikarRising,16,2021-01-03,294th,0,2,0,2,__BMJ__,,Rakdos Prowess,BR,Lurrus
ManaTraders Series Modern December 2020,PostZendikarRising,16,2021-01-03,295th,0,2,0,2,cftsoc3,,Bant Blink,WUG,
ManaTraders Series Modern December 2020,PostZendikarRising,16,2021-01-03,296th,0,2,0,2,MickeyPlaysMagic,,Rakdos Midrange,BR,
ManaTraders Series Modern December 2020,PostZendikarRising,16,2021-01-03,297th,0,2,0,2,SakingMTG,,KGC Tron,G,
ManaTraders Series Modern December 2020,PostZendikarRising,16,2021-01-03,298th,0,2,0,2,fpawlusz,,KGC Amulet Titan,G,
ManaTraders Series Modern December 2020,PostZendikarRising,16,2021-01-03,299th,0,2,0,2,joker10289,,Reclaimer Titan,WG,
ManaTraders Series Modern December 2020,PostZendikarRising,16,2021-01-03,300th,0,2,0,2,whitefangshinobi,,Izzet Prowess,UR,
ManaTraders Series Modern December 2020,PostZendikarRising,16,2021-01-03,301th,0,2,0,2,jay44bab,,Shadow Prowess,BR,Lurrus
ManaTraders Series Modern December 2020,PostZendikarRising,16,2021-01-03,302th,0,2,0,2,Dafne17,,Mono Red Prowess,R,
ManaTraders Series Modern December 2020,PostZendikarRising,16,2021-01-03,303th,0,2,0,2,MdvWin,,Hammer Time,W,Lurrus
ManaTraders Series Modern December 2020,PostZendikarRising,16,2021-01-03,304th,0,2,0,2,mrichi,,WURG Control,WURG,
ManaTraders Series Modern December 2020,PostZendikarRising,16,2021-01-03,305th,0,2,0,2,kevilynn,,Bant Spirits,WUG,
ManaTraders Series Modern December 2020,PostZendikarRising,16,2021-01-03,306th,0,2,0,2,Sherwinator,,Mill,UB,Lurrus
ManaTraders Series Modern December 2020,PostZendikarRising,16,2021-01-03,307th,0,2,0,2,cypriankrzysztof,,Heliod Combo,WG,
ManaTraders Series Modern December 2020,PostZendikarRising,16,2021-01-03,308th,0,2,0,2,abisbocci,,Grixis Shadow,UBR,
ManaTraders Series Modern December 2020,PostZendikarRising,16,2021-01-03,309th,0,2,0,2,Manakin,,Hardened Scales,RG,
ManaTraders Series Modern December 2020,PostZendikarRising,16,2021-01-03,310th,0,1,0,1,Nilsfit,,Jeskai Breach,WUR,Jegantha
ManaTraders Series Modern December 2020,PostZendikarRising,16,2021-01-03,311th,0,1,0,1,NGFC_Mark,,Oops All Spells,WUBG,
ManaTraders Series Modern December 2020,PostZendikarRising,16,2021-01-03,312th,0,1,0,1,ecobaronen,,Titan Shift,RG,
