"CardNames","CardCount","DeckCount","WinCount","MatchCount","WinrateAverage","Winrate95Min","Winrate95Max","Archetypes","URL","Artists","Colors","CMC","Types","FirstSet","CardCountOutTotalCards","DeckCountOutTotalDecks","AverageCopies"
"Anointed Peacekeeper",2,1,4,7,57.1,18.4,90.1," 1 Amulet Titan 
"," https://magic.wizards.com/en/articles/archive/mtgo-standings/modern-challenge-2022-10-03#matyo_th_place 
","Tia Masic","W",3,"Creature","DMU",0,0.3,2
"Destroy Evil",2,1,5,7,71.4,29,96.3," 1 Hammer Time 
"," https://magic.wizards.com/en/articles/archive/mtgo-standings/modern-challenge-2022-10-10#booomerang_th_place 
","Anna Christenson","W",2,"Instant","DMU",0,0.3,2
"Inscribed Tablet",1,1,5,7,71.4,29,96.3," 1 Green Tron 
"," https://magic.wizards.com/en/articles/archive/mtgo-standings/modern-challenge-2022-09-19#narca_th_place 
","Jarel Threat","",1,"Artifact","DMU",0,0.3,1
"Karn's Sylex",2,2,9,14,64.3,35.1,87.2," 2 Green Tron 
"," https://magic.wizards.com/en/articles/archive/mtgo-standings/modern-challenge-2022-09-19#narca_th_place 
 https://magic.wizards.com/en/articles/archive/mtgo-standings/modern-challenge-2022-10-09#kpa_king_th_place 
","Adam Paquette","",3,"Artifact","DMU",0,0.5,1
"Leyline Binding",1,1,5,7,71.4,29,96.3," 1 Domain Zoo 
"," https://magic.wizards.com/en/articles/archive/mtgo-standings/modern-challenge-2022-09-19#archaeusdota_th_place 
","Cristi Balanescu","W",6,"Enchantment","DMU",0,0.3,1
"Shadow Prophecy",2,1,5,7,71.4,29,96.3," 1 Domain Zoo 
"," https://magic.wizards.com/en/articles/archive/mtgo-standings/modern-challenge-2022-09-19#archaeusdota_th_place 
","Rovina Cai","B",3,"Instant","DMU",0,0.3,2
"Sheoldred, the Apocalypse",5,5,23,32,71.9,53.3,86.3," 5 Yawgmoth 
"," https://magic.wizards.com/en/articles/archive/mtgo-standings/modern-challenge-2022-10-02#xerk_th_place 
 https://magic.wizards.com/en/articles/archive/mtgo-standings/modern-challenge-2022-10-03#xerk_th_place 
 https://magic.wizards.com/en/articles/archive/mtgo-standings/modern-challenge-2022-10-09#putput_th_place 
 https://magic.wizards.com/en/articles/archive/mtgo-standings/modern-preliminary-2022-10-06#shuddermtg_- 
 https://magic.wizards.com/en/articles/archive/mtgo-standings/modern-preliminary-2022-10-08#beanh_- 
","Chris Rahn","B",4,"Creature","DMU",0.1,1.3,1
"Shore Up",1,1,7,9,77.8,40,97.2," 1 Izzet Prowess 
"," https://magic.wizards.com/en/articles/archive/mtgo-standings/modern-showcase-challenge-2022-09-18#monkeydbaboo_th_place 
","Mark Behm","U",1,"Instant","DMU",0,0.3,1
"Tear Asunder",10,6,30,44,68.2,52.4,81.4," 5 Creativity Combo 
 1 Jund Shadow 
"," https://magic.wizards.com/en/articles/archive/mtgo-standings/modern-showcase-challenge-2022-09-18#wildgingerking_st_place 
 https://magic.wizards.com/en/articles/archive/mtgo-standings/modern-challenge-2022-09-25#mosskami_th_place 
 https://magic.wizards.com/en/articles/archive/mtgo-standings/modern-challenge-2022-09-25#freedmania_th_place 
 https://magic.wizards.com/en/articles/archive/mtgo-standings/modern-challenge-2022-09-26#the-bad-kami_th_place 
 https://magic.wizards.com/en/articles/archive/mtgo-standings/modern-challenge-2022-09-26#sumimasen_th_place 
 https://magic.wizards.com/en/articles/archive/mtgo-standings/modern-preliminary-2022-09-23#cntrlfreak_ttv_- 
","Dave Kendall","G",2,"Instant","DMU",0.2,1.6,1.7
"Temporary Lockdown",7,6,29,44,65.9,50.1,79.5," 4 Azorius Control 
 1 Enchantress 
 1 WUBG Control 
"," https://magic.wizards.com/en/articles/archive/mtgo-standings/modern-showcase-challenge-2022-09-18#valident_th_place 
 https://magic.wizards.com/en/articles/archive/mtgo-standings/modern-challenge-2022-09-26#watoo_th_place 
 https://magic.wizards.com/en/articles/archive/mtgo-standings/modern-challenge-2022-10-02#acheronsgrief_rd_place 
 https://magic.wizards.com/en/articles/archive/mtgo-standings/modern-challenge-2022-10-03#acheronsgrief_th_place 
 https://magic.wizards.com/en/articles/archive/mtgo-standings/modern-challenge-2022-10-10#acheronsgrief_th_place 
 https://magic.wizards.com/en/articles/archive/mtgo-standings/modern-preliminary-2022-09-20#derash_- 
","Bryan Sola","W",3,"Enchantment","DMU",0.1,1.6,1.2
