"","PlayerS","NAppearances","ArchetypeNames","ArchetypeCounts","URL"
"1","yriel",2,"Creativity Combo","2","https://magic.wizards.com/en/articles/archive/mtgo-standings/modern-showcase-challenge-2022-09-18#yriel_st_place; https://magic.wizards.com/en/articles/archive/mtgo-standings/modern-challenge-2022-10-02#yriel_nd_place"
"2","patheus_84",2,"Rakdos Scam","2","https://magic.wizards.com/en/articles/archive/mtgo-standings/modern-challenge-2022-09-19#patheus__th_place; https://magic.wizards.com/en/articles/archive/mtgo-standings/modern-challenge-2022-10-03#patheus__nd_place"
"3","DemonicTutors",2,"Yawgmoth","2","https://magic.wizards.com/en/articles/archive/mtgo-standings/modern-challenge-2022-09-19#demonictutors_th_place; https://magic.wizards.com/en/articles/archive/mtgo-standings/modern-challenge-2022-09-25#demonictutors_st_place"
"4","Xerk",2,"Yawgmoth; Blue Living End","1; 1","https://magic.wizards.com/en/articles/archive/mtgo-standings/modern-challenge-2022-10-03#xerk_th_place; https://magic.wizards.com/en/articles/archive/mtgo-standings/modern-challenge-2022-10-10#xerk_st_place"
"5","Bayesta_93",2,"Green Tron","2","https://magic.wizards.com/en/articles/archive/mtgo-standings/modern-challenge-2022-10-09#bayesta__th_place; https://magic.wizards.com/en/articles/archive/mtgo-standings/modern-challenge-2022-10-10#bayesta__th_place"
"6","willpulliam",1,"Hammer Time","1","https://magic.wizards.com/en/articles/archive/mtgo-standings/modern-showcase-challenge-2022-09-18#willpulliam_nd_place"
"7","MentalMisstep",1,"Omnath Control","1","https://magic.wizards.com/en/articles/archive/mtgo-standings/modern-showcase-challenge-2022-09-18#mentalmisstep_rd_place"
"8","brunocaleb",1,"Creativity Combo","1","https://magic.wizards.com/en/articles/archive/mtgo-standings/modern-showcase-challenge-2022-09-18#brunocaleb_th_place"
"9","leandru",1,"Eldrazi Tron","1","https://magic.wizards.com/en/articles/archive/mtgo-standings/modern-showcase-challenge-2022-09-18#leandru_th_place"
"10","__BMJ__",1,"Grixis Shadow","1","https://magic.wizards.com/en/articles/archive/mtgo-standings/modern-showcase-challenge-2022-09-18#__bmj___th_place"
"11","onebigpin_",1,"Omnath Control","1","https://magic.wizards.com/en/articles/archive/mtgo-standings/modern-showcase-challenge-2022-09-18#onebigpin__th_place"
"12","hogpog_98",1,"Amulet Titan","1","https://magic.wizards.com/en/articles/archive/mtgo-standings/modern-showcase-challenge-2022-09-18#hogpog__th_place"
"13","arnievoncalum",1,"Creativity Combo","1","https://magic.wizards.com/en/articles/archive/mtgo-standings/modern-challenge-2022-09-19#arnievoncalum_st_place"
"14","RyanWu",1,"Izzet Murktide","1","https://magic.wizards.com/en/articles/archive/mtgo-standings/modern-challenge-2022-09-19#ryanwu_nd_place"
"15","Ryan100495",1,"Dredge","1","https://magic.wizards.com/en/articles/archive/mtgo-standings/modern-challenge-2022-09-19#ryan_rd_place"
"16","Legend_cay",1,"Amulet Titan","1","https://magic.wizards.com/en/articles/archive/mtgo-standings/modern-challenge-2022-09-19#legend_cay_th_place"
"17","sokos13",1,"Izzet Murktide","1","https://magic.wizards.com/en/articles/archive/mtgo-standings/modern-challenge-2022-09-19#sokos_th_place"
"18","YungDingo",1,"Rakdos Scam","1","https://magic.wizards.com/en/articles/archive/mtgo-standings/modern-challenge-2022-09-19#yungdingo_th_place"
"19","ss0",1,"Merfolk","1","https://magic.wizards.com/en/articles/archive/mtgo-standings/modern-challenge-2022-09-25#ss_nd_place"
"20","TerminalJustice",1,"Blue Scapeshift","1","https://magic.wizards.com/en/articles/archive/mtgo-standings/modern-challenge-2022-09-25#terminaljustice_rd_place"
"21","Melicard",1,"Hammer Time","1","https://magic.wizards.com/en/articles/archive/mtgo-standings/modern-challenge-2022-09-25#melicard_th_place"
"22","Gorge94",1,"Creativity Combo","1","https://magic.wizards.com/en/articles/archive/mtgo-standings/modern-challenge-2022-09-25#gorge_th_place"
"23","mosskami",1,"Creativity Combo","1","https://magic.wizards.com/en/articles/archive/mtgo-standings/modern-challenge-2022-09-25#mosskami_th_place"
"24","marine_rush",1,"Grinding Breach","1","https://magic.wizards.com/en/articles/archive/mtgo-standings/modern-challenge-2022-09-25#marine_rush_th_place"
"25","Rumpelstilzchen12",1,"Izzet Murktide","1","https://magic.wizards.com/en/articles/archive/mtgo-standings/modern-challenge-2022-09-25#rumpelstilzchen_th_place"
"26","Control4Daze",1,"Yawgmoth","1","https://magic.wizards.com/en/articles/archive/mtgo-standings/modern-challenge-2022-09-26#controldaze_st_place"
"27","Bob49",1,"Amulet Titan","1","https://magic.wizards.com/en/articles/archive/mtgo-standings/modern-challenge-2022-09-26#bob_nd_place"
"28","kefka27",1,"Izzet Murktide","1","https://magic.wizards.com/en/articles/archive/mtgo-standings/modern-challenge-2022-09-26#kefka_rd_place"
"29","WaToO",1,"Azorius Control","1","https://magic.wizards.com/en/articles/archive/mtgo-standings/modern-challenge-2022-09-26#watoo_th_place"
"30","Talisker",1,"Domain Footfalls","1","https://magic.wizards.com/en/articles/archive/mtgo-standings/modern-challenge-2022-09-26#talisker_th_place"
"31","_Batutinha_",1,"Elementals","1","https://magic.wizards.com/en/articles/archive/mtgo-standings/modern-challenge-2022-09-26#_batutinha__th_place"
"32","Meltiin",1,"Omnath Scapeshift","1","https://magic.wizards.com/en/articles/archive/mtgo-standings/modern-challenge-2022-09-26#meltiin_th_place"
"33","bubbsei",1,"Grixis Shadow","1","https://magic.wizards.com/en/articles/archive/mtgo-standings/modern-challenge-2022-09-26#bubbsei_th_place"
"34","Arrias",1,"Blue Living End","1","https://magic.wizards.com/en/articles/archive/mtgo-standings/modern-challenge-2022-10-02#arrias_st_place"
"35","SoulStrong",1,"Rakdos Shadow","1","https://magic.wizards.com/en/articles/archive/mtgo-standings/modern-challenge-2022-10-02#soulstrong_rd_place"
"36","tzio",1,"Izzet Murktide","1","https://magic.wizards.com/en/articles/archive/mtgo-standings/modern-challenge-2022-10-02#tzio_th_place"
"37","Engelsdorfer",1,"Dimir Shadow","1","https://magic.wizards.com/en/articles/archive/mtgo-standings/modern-challenge-2022-10-02#engelsdorfer_th_place"
"38","Gaudo",1,"Domain Footfalls","1","https://magic.wizards.com/en/articles/archive/mtgo-standings/modern-challenge-2022-10-02#gaudo_th_place"
"39","cigarettesaftershrek",1,"Grinding Breach","1","https://magic.wizards.com/en/articles/archive/mtgo-standings/modern-challenge-2022-10-02#cigarettesaftershrek_th_place"
"40","Penseur",1,"Omnath Control","1","https://magic.wizards.com/en/articles/archive/mtgo-standings/modern-challenge-2022-10-02#penseur_th_place"
"41","_StN_",1,"Izzet Murktide","1","https://magic.wizards.com/en/articles/archive/mtgo-standings/modern-challenge-2022-10-03#_stn__st_place"
"42","kanister",1,"Creativity Combo","1","https://magic.wizards.com/en/articles/archive/mtgo-standings/modern-challenge-2022-10-03#kanister_rd_place"
"43","Darthkid",1,"Hammer Time","1","https://magic.wizards.com/en/articles/archive/mtgo-standings/modern-challenge-2022-10-03#darthkid_th_place"
"44","NickNorman",1,"Dredge","1","https://magic.wizards.com/en/articles/archive/mtgo-standings/modern-challenge-2022-10-03#nicknorman_th_place"
"45","md91",1,"Merfolk","1","https://magic.wizards.com/en/articles/archive/mtgo-standings/modern-challenge-2022-10-03#md_th_place"
"46","Xenowan",1,"Grinding Breach","1","https://magic.wizards.com/en/articles/archive/mtgo-standings/modern-challenge-2022-10-03#xenowan_th_place"
"47","_Ditlev_",1,"Yawgmoth","1","https://magic.wizards.com/en/articles/archive/mtgo-standings/modern-challenge-2022-10-09#_ditlev__st_place"
"48","chase00111",1,"Mono Red Prowess","1","https://magic.wizards.com/en/articles/archive/mtgo-standings/modern-challenge-2022-10-09#chase_nd_place"
"49","Mistakenn",1,"Amulet Titan","1","https://magic.wizards.com/en/articles/archive/mtgo-standings/modern-challenge-2022-10-09#mistakenn_rd_place"
"50","Danny_Bambino",1,"Grinding Breach","1","https://magic.wizards.com/en/articles/archive/mtgo-standings/modern-challenge-2022-10-09#danny_bambino_th_place"
"51","Darshik",1,"Yawgmoth","1","https://magic.wizards.com/en/articles/archive/mtgo-standings/modern-challenge-2022-10-09#darshik_th_place"
"52","Smore",1,"Hammer Time","1","https://magic.wizards.com/en/articles/archive/mtgo-standings/modern-challenge-2022-10-09#smore_th_place"
"53","Putput",1,"Yawgmoth","1","https://magic.wizards.com/en/articles/archive/mtgo-standings/modern-challenge-2022-10-09#putput_th_place"
"54","Swagga",1,"Rakdos Midrange","1","https://magic.wizards.com/en/articles/archive/mtgo-standings/modern-challenge-2022-10-10#swagga_nd_place"
"55","Oscar_Franco",1,"Blue Living End","1","https://magic.wizards.com/en/articles/archive/mtgo-standings/modern-challenge-2022-10-10#oscar_franco_rd_place"
"56","bobthedog",1,"Azorius Control","1","https://magic.wizards.com/en/articles/archive/mtgo-standings/modern-challenge-2022-10-10#bobthedog_th_place"
"57","luckerdog",1,"Creativity Combo","1","https://magic.wizards.com/en/articles/archive/mtgo-standings/modern-challenge-2022-10-10#luckerdog_th_place"
"58","Alakai",1,"Grinding Breach","1","https://magic.wizards.com/en/articles/archive/mtgo-standings/modern-challenge-2022-10-10#alakai_th_place"
"59","Do0mSwitch",1,"Omnath Control","1","https://magic.wizards.com/en/articles/archive/mtgo-standings/modern-challenge-2022-10-10#domswitch_th_place"
