"CardNames","CardCount","DeckCount","WinCount","MatchCount","WinrateAverage","Winrate95Min","Winrate95Max","Archetypes","URL","Artists","Colors","CMC","Types","FirstSet","CardCountOutTotalCards","DeckCountOutTotalDecks","AverageCopies"
"Anointed Peacekeeper",4,1,5,7,71.4,29,96.3," 1 Mono White Humans 
"," https://magic.wizards.com/en/articles/archive/mtgo-standings/modern-challenge-2022-10-03#gods_shadow_th_place 
","Tia Masic","W",3,"Creature","DMU",0,0.3,4
"Electrostatic Infantry",3,1,8,10,80,44.4,97.5," 1 Mono Red Prowess 
"," https://magic.wizards.com/en/articles/archive/mtgo-standings/modern-challenge-2022-10-09#chase_nd_place 
","Kekai Kotaki","R",2,"Creature","DMU",0,0.3,3
"Guardian of New Benalia",2,1,5,7,71.4,29,96.3," 1 Mono White Humans 
"," https://magic.wizards.com/en/articles/archive/mtgo-standings/modern-challenge-2022-10-03#gods_shadow_th_place 
","Ernanda Souza","W",2,"Creature","DMU",0,0.3,2
"Inscribed Tablet",9,4,14,22,63.6,40.7,82.8," 2 Blue Tron 
 1 Eldrazi Tron 
 1 Mono Red Saga 
"," https://magic.wizards.com/en/articles/archive/mtgo-standings/modern-challenge-2022-09-19#nublkau_th_place 
 https://magic.wizards.com/en/articles/archive/mtgo-standings/modern-challenge-2022-09-26#chefen_th_place 
 https://magic.wizards.com/en/articles/archive/mtgo-standings/modern-preliminary-2022-09-14#xenowan_- 
 https://magic.wizards.com/en/articles/archive/mtgo-standings/modern-preliminary-2022-09-17#agnara_- 
","Jarel Threat","",1,"Artifact","DMU",0,1.1,2.2
"Karn's Sylex",6,3,12,21,57.1,34,78.2," 3 Eldrazi Tron 
"," https://magic.wizards.com/en/articles/archive/mtgo-standings/modern-challenge-2022-09-26#chefen_th_place 
 https://magic.wizards.com/en/articles/archive/mtgo-standings/modern-challenge-2022-10-03#jsg-mtg_st_place 
 https://magic.wizards.com/en/articles/archive/mtgo-standings/modern-challenge-2022-10-10#jsg-mtg_th_place 
","Adam Paquette","",3,"Artifact","DMU",0,0.8,2
"Leyline Binding",246,67,329,467,70.4,66.1,74.6," 1 5 Color Control 
 10 Azorius Control 
 1 Bant Control 
 16 Creativity Combo 
 18 Domain Footfalls 
 7 Domain Zoo 
 3 Elementals 
 1 Enchantress 
 1 Glimpse Combo 
 1 Niv To Light 
 5 Omnath Control 
 2 Omnath Scapeshift 
 1 WUBG Control 
"," https://magic.wizards.com/en/articles/archive/mtgo-standings/modern-showcase-challenge-2022-09-18#mentalmisstep_rd_place 
 https://magic.wizards.com/en/articles/archive/mtgo-standings/modern-showcase-challenge-2022-09-18#rooney_th_place 
 https://magic.wizards.com/en/articles/archive/mtgo-standings/modern-showcase-challenge-2022-09-18#nammersquats_th_place 
 https://magic.wizards.com/en/articles/archive/mtgo-standings/modern-showcase-challenge-2022-09-18#valident_th_place 
 https://magic.wizards.com/en/articles/archive/mtgo-standings/modern-showcase-challenge-2022-09-18#soimbagallade_th_place 
 https://magic.wizards.com/en/articles/archive/mtgo-standings/modern-showcase-challenge-2022-09-18#djbmppwns_th_place 
 https://magic.wizards.com/en/articles/archive/mtgo-standings/modern-showcase-challenge-2022-09-18#wildgingerking_st_place 
 https://magic.wizards.com/en/articles/archive/mtgo-standings/modern-challenge-2022-09-19#arnievoncalum_st_place 
 https://magic.wizards.com/en/articles/archive/mtgo-standings/modern-challenge-2022-09-19#archaeusdota_th_place 
 https://magic.wizards.com/en/articles/archive/mtgo-standings/modern-challenge-2022-09-19#makia_th_place 
 https://magic.wizards.com/en/articles/archive/mtgo-standings/modern-challenge-2022-09-19#serguei_th_place 
 https://magic.wizards.com/en/articles/archive/mtgo-standings/modern-challenge-2022-09-19#yaksic_th_place 
 https://magic.wizards.com/en/articles/archive/mtgo-standings/modern-challenge-2022-09-25#mosskami_th_place 
 https://magic.wizards.com/en/articles/archive/mtgo-standings/modern-challenge-2022-09-25#firegothim_th_place 
 https://magic.wizards.com/en/articles/archive/mtgo-standings/modern-challenge-2022-09-25#meninoney_th_place 
 https://magic.wizards.com/en/articles/archive/mtgo-standings/modern-challenge-2022-09-25#parrotlet_th_place 
 https://magic.wizards.com/en/articles/archive/mtgo-standings/modern-challenge-2022-09-25#freedmania_th_place 
 https://magic.wizards.com/en/articles/archive/mtgo-standings/modern-challenge-2022-09-25#basedcloy_th_place 
 https://magic.wizards.com/en/articles/archive/mtgo-standings/modern-challenge-2022-09-25#andrea_th_place 
 https://magic.wizards.com/en/articles/archive/mtgo-standings/modern-challenge-2022-09-25#brunocaleb_nd_place 
 https://magic.wizards.com/en/articles/archive/mtgo-standings/modern-challenge-2022-09-26#watoo_th_place 
 https://magic.wizards.com/en/articles/archive/mtgo-standings/modern-challenge-2022-09-26#talisker_th_place 
 https://magic.wizards.com/en/articles/archive/mtgo-standings/modern-challenge-2022-09-26#_batutinha__th_place 
 https://magic.wizards.com/en/articles/archive/mtgo-standings/modern-challenge-2022-09-26#meltiin_th_place 
 https://magic.wizards.com/en/articles/archive/mtgo-standings/modern-challenge-2022-09-26#the-bad-kami_th_place 
 https://magic.wizards.com/en/articles/archive/mtgo-standings/modern-challenge-2022-09-26#jumba_th_place 
 https://magic.wizards.com/en/articles/archive/mtgo-standings/modern-challenge-2022-09-26#meninoney_th_place 
 https://magic.wizards.com/en/articles/archive/mtgo-standings/modern-challenge-2022-09-26#sumimasen_th_place 
 https://magic.wizards.com/en/articles/archive/mtgo-standings/modern-challenge-2022-10-02#gaudo_th_place 
 https://magic.wizards.com/en/articles/archive/mtgo-standings/modern-challenge-2022-10-02#notoriouss_th_place 
 https://magic.wizards.com/en/articles/archive/mtgo-standings/modern-challenge-2022-10-02#dough_shack_th_place 
 https://magic.wizards.com/en/articles/archive/mtgo-standings/modern-challenge-2022-10-02#acheronsgrief_rd_place 
 https://magic.wizards.com/en/articles/archive/mtgo-standings/modern-challenge-2022-10-02#rhoch_th_place 
 https://magic.wizards.com/en/articles/archive/mtgo-standings/modern-challenge-2022-10-02#soimbagallade_th_place 
 https://magic.wizards.com/en/articles/archive/mtgo-standings/modern-challenge-2022-10-03#meninoney_th_place 
 https://magic.wizards.com/en/articles/archive/mtgo-standings/modern-challenge-2022-10-03#jdez_nd_place 
 https://magic.wizards.com/en/articles/archive/mtgo-standings/modern-challenge-2022-10-03#mistert_th_place 
 https://magic.wizards.com/en/articles/archive/mtgo-standings/modern-challenge-2022-10-03#acheronsgrief_th_place 
 https://magic.wizards.com/en/articles/archive/mtgo-standings/modern-challenge-2022-10-03#archaeusdota_nd_place 
 https://magic.wizards.com/en/articles/archive/mtgo-standings/modern-challenge-2022-10-09#switchjon_th_place 
 https://magic.wizards.com/en/articles/archive/mtgo-standings/modern-challenge-2022-10-09#thebigmoke_th_place 
 https://magic.wizards.com/en/articles/archive/mtgo-standings/modern-challenge-2022-10-09#pedrodm_th_place 
 https://magic.wizards.com/en/articles/archive/mtgo-standings/modern-challenge-2022-10-09#drikc_th_place 
 https://magic.wizards.com/en/articles/archive/mtgo-standings/modern-challenge-2022-10-09#bobthedog_nd_place 
 https://magic.wizards.com/en/articles/archive/mtgo-standings/modern-challenge-2022-10-09#nammersquats_th_place 
 https://magic.wizards.com/en/articles/archive/mtgo-standings/modern-challenge-2022-10-09#notoriouss_th_place 
 https://magic.wizards.com/en/articles/archive/mtgo-standings/modern-challenge-2022-10-10#bobthedog_th_place 
 https://magic.wizards.com/en/articles/archive/mtgo-standings/modern-challenge-2022-10-10#domswitch_th_place 
 https://magic.wizards.com/en/articles/archive/mtgo-standings/modern-challenge-2022-10-10#simaomero_th_place 
 https://magic.wizards.com/en/articles/archive/mtgo-standings/modern-challenge-2022-10-10#kaijimmy_th_place 
 https://magic.wizards.com/en/articles/archive/mtgo-standings/modern-challenge-2022-10-10#ferdy_th_place 
 https://magic.wizards.com/en/articles/archive/mtgo-standings/modern-challenge-2022-10-10#acheronsgrief_th_place 
 https://magic.wizards.com/en/articles/archive/mtgo-standings/modern-preliminary-2022-09-14#alemilan_- 
 https://magic.wizards.com/en/articles/archive/mtgo-standings/modern-preliminary-2022-09-15#baronofbacon_- 
 https://magic.wizards.com/en/articles/archive/mtgo-standings/modern-preliminary-2022-09-15#yungdingo_- 
 https://magic.wizards.com/en/articles/archive/mtgo-standings/modern-preliminary-2022-09-15#soimbagallade_- 
 https://magic.wizards.com/en/articles/archive/mtgo-standings/modern-preliminary-2022-09-20#archaeusdota_- 
 https://magic.wizards.com/en/articles/archive/mtgo-standings/modern-preliminary-2022-09-20#yungdingo_- 
 https://magic.wizards.com/en/articles/archive/mtgo-standings/modern-preliminary-2022-09-20#derash_- 
 https://magic.wizards.com/en/articles/archive/mtgo-standings/modern-preliminary-2022-09-22#graciasportanto_- 
 https://magic.wizards.com/en/articles/archive/mtgo-standings/modern-preliminary-2022-09-22#aje_- 
 https://magic.wizards.com/en/articles/archive/mtgo-standings/modern-preliminary-2022-09-29#mcwinsauce_- 
 https://magic.wizards.com/en/articles/archive/mtgo-standings/modern-preliminary-2022-09-29#jktorborg_- 
 https://magic.wizards.com/en/articles/archive/mtgo-standings/modern-preliminary-2022-09-30#demonictutors_- 
 https://magic.wizards.com/en/articles/archive/mtgo-standings/modern-preliminary-2022-09-30#jpsn_- 
 https://magic.wizards.com/en/articles/archive/mtgo-standings/modern-preliminary-2022-10-04#watoo_- 
 https://magic.wizards.com/en/articles/archive/mtgo-standings/modern-preliminary-2022-10-04#tommi_- 
","Cristi Balanescu","W",6,"Enchantment","DMU",1.1,18,3.7
"Meria, Scholar of Antiquity",2,1,5,7,71.4,29,96.3," 1 Hardened Scales 
"," https://magic.wizards.com/en/articles/archive/mtgo-standings/modern-challenge-2022-10-09#chichichi_st_place 
","Aurore Folny","G,R",3,"Creature","DMU",0,0.3,2
"Nishoba Brawler",26,7,29,43,67.4,51.5,80.9," 7 Domain Zoo 
"," https://magic.wizards.com/en/articles/archive/mtgo-standings/modern-challenge-2022-09-19#archaeusdota_th_place 
 https://magic.wizards.com/en/articles/archive/mtgo-standings/modern-challenge-2022-10-03#mistert_th_place 
 https://magic.wizards.com/en/articles/archive/mtgo-standings/modern-challenge-2022-10-03#archaeusdota_nd_place 
 https://magic.wizards.com/en/articles/archive/mtgo-standings/modern-challenge-2022-10-09#pedrodm_th_place 
 https://magic.wizards.com/en/articles/archive/mtgo-standings/modern-challenge-2022-10-09#drikc_th_place 
 https://magic.wizards.com/en/articles/archive/mtgo-standings/modern-preliminary-2022-09-20#archaeusdota_- 
 https://magic.wizards.com/en/articles/archive/mtgo-standings/modern-preliminary-2022-09-20#yungdingo_- 
","Valera Lutfullina","G",2,"Creature","DMU",0.1,1.9,3.7
"Rundvelt Hordemaster",28,7,33,51,64.7,50.1,77.6," 7 Goblins 
"," https://magic.wizards.com/en/articles/archive/mtgo-standings/modern-challenge-2022-09-19#playtonguyen_th_place 
 https://magic.wizards.com/en/articles/archive/mtgo-standings/modern-challenge-2022-09-25#twinlesstwin_th_place 
 https://magic.wizards.com/en/articles/archive/mtgo-standings/modern-challenge-2022-09-26#playtonguyen_st_place 
 https://magic.wizards.com/en/articles/archive/mtgo-standings/modern-challenge-2022-10-02#playtonguyen_th_place 
 https://magic.wizards.com/en/articles/archive/mtgo-standings/modern-challenge-2022-10-03#playtonguyen_rd_place 
 https://magic.wizards.com/en/articles/archive/mtgo-standings/modern-challenge-2022-10-09#playtonguyen_th_place 
 https://magic.wizards.com/en/articles/archive/mtgo-standings/modern-challenge-2022-10-10#playtonguyen_th_place 
","Bruno Biazotto","R",2,"Creature","DMU",0.1,1.9,4
"Shadow Prophecy",7,3,12,19,63.2,38.4,83.7," 1 5 Color Control 
 2 Creativity Combo 
"," https://magic.wizards.com/en/articles/archive/mtgo-standings/modern-challenge-2022-09-25#freedmania_th_place 
 https://magic.wizards.com/en/articles/archive/mtgo-standings/modern-challenge-2022-09-26#sumimasen_th_place 
 https://magic.wizards.com/en/articles/archive/mtgo-standings/modern-preliminary-2022-09-15#yungdingo_- 
","Rovina Cai","B",3,"Instant","DMU",0,0.8,2.3
"Sheoldred, the Apocalypse",2,2,11,15,73.3,44.9,92.2," 2 Yawgmoth 
"," https://magic.wizards.com/en/articles/archive/mtgo-standings/modern-challenge-2022-10-09#darshik_th_place 
 https://magic.wizards.com/en/articles/archive/mtgo-standings/modern-challenge-2022-10-09#xerk_th_place 
","Chris Rahn","B",4,"Creature","DMU",0,0.5,1
"Shore Up",2,1,4,7,57.1,18.4,90.1," 1 Izzet Murktide 
"," https://magic.wizards.com/en/articles/archive/mtgo-standings/modern-challenge-2022-09-26#wraaith_nd_place 
","Mark Behm","U",1,"Instant","DMU",0,0.3,2
"Soul of Windgrace",9,3,14,19,73.7,48.8,90.9," 1 Jund Midrange 
 2 Omnath Scapeshift 
"," https://magic.wizards.com/en/articles/archive/mtgo-standings/modern-challenge-2022-09-26#meltiin_th_place 
 https://magic.wizards.com/en/articles/archive/mtgo-standings/modern-challenge-2022-10-09#thebigmoke_th_place 
 https://magic.wizards.com/en/articles/archive/mtgo-standings/modern-preliminary-2022-10-06#bigd__- 
","Liiga Smilshkalne","B,G,R",4,"Creature","DMU",0,0.8,3
"Urborg Lhurgoyf",3,1,5,8,62.5,24.5,91.5," 1 Hollowvine 
"," https://magic.wizards.com/en/articles/archive/mtgo-standings/modern-challenge-2022-10-02#sumdeus_nd_place 
","Andrey Kuzinskiy","G",2,"Creature","DMU",0,0.3,3
"Vodalian Hexcatcher",28,7,38,54,70.4,56.4,82," 7 Merfolk 
"," https://magic.wizards.com/en/articles/archive/mtgo-standings/modern-challenge-2022-09-25#ss_nd_place 
 https://magic.wizards.com/en/articles/archive/mtgo-standings/modern-challenge-2022-10-03#md_th_place 
 https://magic.wizards.com/en/articles/archive/mtgo-standings/modern-challenge-2022-10-03#drakanar_th_place 
 https://magic.wizards.com/en/articles/archive/mtgo-standings/modern-challenge-2022-10-09#flatnose_th_place 
 https://magic.wizards.com/en/articles/archive/mtgo-standings/modern-challenge-2022-10-09#ss_th_place 
 https://magic.wizards.com/en/articles/archive/mtgo-standings/modern-challenge-2022-10-10#bennettboy_st_place 
 https://magic.wizards.com/en/articles/archive/mtgo-standings/modern-challenge-2022-10-10#motown_nd_place 
","Dmitry Burmak","U",2,"Creature","DMU",0.1,1.9,4
"Yotia Declares War",4,1,3,4,75,19.4,99.4," 1 Mono Red Saga 
"," https://magic.wizards.com/en/articles/archive/mtgo-standings/modern-preliminary-2022-09-14#xenowan_- 
","Fariba Khamseh","R",2,"Enchantment","DMU",0,0.3,4
